﻿setting,weights,n_factors_used,kendall_tau_all,kendall_tau_topk,mean_lead_d,std_lead_h,mean_lead_h,early_rate,mean_early_h,std_early_h,per_topic_csv,norm_mode,include_E,days_window
default,"{""freq"": 0.25, ""attention"": 0.25, ""influence"": 0.25, ""escalation"": 0.25}",4,0.06666666666666667,0.19999999999999998,0.0,0.0,0.0,0.0,,,beta_ablation_per_topic_default.csv,minmax,True,7
equal,"{""freq"": 0.25, ""attention"": 0.25, ""influence"": 0.25, ""escalation"": 0.25}",4,0.06666666666666667,0.19999999999999998,0.0,0.0,0.0,0.0,,,beta_ablation_per_topic_equal.csv,minmax,True,7
drop_freq,"{""freq"": 0.0, ""attention"": 0.3333333333333333, ""influence"": 0.3333333333333333, ""escalation"": 0.3333333333333333}",3,0.2597701149425288,0.19999999999999998,0.0,0.0,0.0,0.0,,,beta_ablation_per_topic_drop_freq.csv,minmax,True,7
drop_attention,"{""freq"": 0.3333333333333333, ""attention"": 0.0, ""influence"": 0.3333333333333333, ""escalation"": 0.3333333333333333}",3,0.07126436781609195,0.19999999999999998,0.0,0.0,0.0,0.0,,,beta_ablation_per_topic_drop_attention.csv,minmax,True,7
drop_influence,"{""freq"": 0.3333333333333333, ""attention"": 0.3333333333333333, ""influence"": 0.0, ""escalation"": 0.3333333333333333}",3,0.23218390804597702,0.0,0.0,0.0,0.0,0.0,,,beta_ablation_per_topic_drop_influence.csv,minmax,True,7
drop_escalation,"{""freq"": 0.3333333333333333, ""attention"": 0.3333333333333333, ""influence"": 0.3333333333333333, ""escalation"": 0.0}",3,-0.14022988505747128,-0.39999999999999997,0.3,73.09828999367906,7.2,0.3,90.66666666666667,41.994708661396324,beta_ablation_per_topic_drop_escalation.csv,minmax,True,7
only_freq,"{""freq"": 1.0, ""attention"": 0.0, ""influence"": 0.0, ""escalation"": 0.0}",1,-0.20459770114942533,-0.19999999999999998,0.19999999999999998,77.2486893092692,4.8,0.3,90.66666666666667,41.994708661396324,beta_ablation_per_topic_only_freq.csv,minmax,True,7
only_attention,"{""freq"": 0.0, ""attention"": 1.0, ""influence"": 0.0, ""escalation"": 0.0}",1,0.14022988505747128,0.39999999999999997,-0.2333333333333333,97.13001595799312,-5.6,0.26666666666666666,126.0,41.13392760240627,beta_ablation_per_topic_only_attention.csv,minmax,True,7
only_influence,"{""freq"": 0.0, ""attention"": 0.0, ""influence"": 1.0, ""escalation"": 0.0}",1,-0.167816091954023,0.39999999999999997,0.3333333333333333,71.28534211182549,8.0,0.26666666666666666,96.0,41.569219381653056,beta_ablation_per_topic_only_influence.csv,minmax,True,7
only_escalation,"{""freq"": 0.0, ""attention"": 0.0, ""influence"": 0.0, ""escalation"": 1.0}",1,-0.13563218390804596,0.0,0.0,0.0,0.0,0.0,,,beta_ablation_per_topic_only_escalation.csv,minmax,True,7
