﻿rank,day_offset,city,user_id,followers,likes,comments_count,topic_score,keywords_en
1,7,Shanghai,3094290237,570290.0,6.0,0.0,0.455007238464774,bus rollout safety driver
2,7,Beijing,2417139911,5379311.0,7.0,4.0,0.455007238464774,70 Beijing bus 2005 bus
3,7,Xiamen,1649185893,2501.0,7.0,12.0,0.455007238464774,bus driver line
4,-2,Xiamen,5565663754,127.0,15.0,2.0,0.3961531934287995,8m 10m 12m bus
5,-2,Shanghai,2216651507,194139.0,1.0,0.0,0.3961531934287995,bus rollout safety driver standard
