﻿topic_id,peak_S_in_window,top_words
11,0.6749064963301614,公交 北京公交 集团 线路 公交车 拥挤 司机 APP 乘客 通过
0,0.6000000000988231,公交 集团 北京公交 公交车 调整 线路 地铁 出行 什么 司机
15,0.4651341614792749,公交 00 北京公交 集团 公交车 视频 30 11 司机 外籍
3,0.455045277404295,公交 北京公交 公交车 拥挤 集团 乘客 APP 司机 年内 视频
14,0.4496104554459549,公交 北京公交 集团 视频 APP 公交车 驾驶员 司机 大妈 功能
