{
  "rows_total": 2064,
  "cities": [
    {
      "city": "Beijing",
      "rows": 805
    },
    {
      "city": "Shanghai",
      "rows": 588
    },
    {
      "city": "Xiamen",
      "rows": 671
    }
  ],
  "columns": [
    "seq_id",
    "screen_name",
    "user_id",
    "user_bio",
    "verification",
    "timestamp",
    "influence",
    "followers",
    "following",
    "likes",
    "comments_count",
    "text",
    "comments_list",
    "comments_24h",
    "comment_times",
    "timestamp_raw",
    "city"
  ]
}